-13.052481,-15.29224,-10.609371,-9.411182,-13.329836,-13.164928,-4.03277,-0.54442215,-12.346592,-14.998583,-11.389328,-11.857933,-7.9519653,-14.916813,-11.784428,-11.094097,-12.610405
-19.25557,-16.100534,-12.037161,-12.322565,-17.848461,-11.3341675,-8.863445,-5.359129,-16.445787,-18.7839,-19.319132,-12.72945,-9.053268,-19.86811,-20.213055,-16.728773,-18.891857
-20.87555,-16.642698,-11.18038,-15.794706,-15.303917,-7.1422367,-0.007511139,-15.983477,-14.189503,-14.391026,-14.205746,-18.183893,-14.599665,-15.616316,-15.050619,-16.947693,-19.409477
-20.107693,-18.740318,-13.470348,-8.876545,-16.105711,-7.0871525,0.0,-12.924143,-18.261927,-12.956408,-8.2579365,-13.012436,-13.851967,-16.193802,-15.548386,-14.294464,-15.547382
-16.663519,-19.105543,-12.4235325,-8.309544,-12.898069,-4.5659027,-7.7977448,-11.432438,-10.701675,-10.391758,-7.393505,-10.471895,-10.676891,-11.853294,-15.760265,-18.050016,-14.764944
-11.792646,-12.034269,-13.173832,-10.667973,-15.143539,-4.829109,-11.585571,-15.2836075,-12.023998,-7.306141,-5.89312,-9.101589,-16.457119,-12.694803,-19.325989,-23.32962,-20.977516
-10.627602,-15.316467,-9.591488,-4.3182735,-13.525625,-8.566608,-5.829178,-12.193565,-10.0151825,-8.994484,-8.508213,-6.780733,-8.111101,-9.935841,-21.429285,-17.138037,-17.941967
-13.479977,-12.842209,-12.497862,-9.326006,-11.748987,-7.5267715,-8.0024605,-8.518599,-13.398052,-14.374611,-8.240515,-15.507389,-8.997751,-11.830235,-19.570272,-14.353155,-18.486254
-22.111511,-7.580181,-12.407404,-4.700304,-14.167549,-4.3922386,-14.164122,-9.588406,-14.341816,-15.496317,-15.117458,-16.695448,-14.067905,-8.554228,-14.74029,-14.256973,-21.561398
-20.267723,-8.33353,-13.476883,-2.6415253,-11.151579,-5.0404415,-19.661062,-14.314245,-13.698021,-21.155249,-16.403784,-16.684832,-11.916185,-13.340593,-13.406857,-21.203327,-12.7041
-15.617367,-13.329857,-11.206776,-6.0979633,-10.548605,-4.3566704,-22.778042,-16.38317,-16.585331,-15.690937,-16.947987,-20.995808,-15.077406,-15.51577,-13.000811,-20.495388,-8.109455
-16.231417,-15.394749,-15.168722,-4.7492924,-8.573851,-7.1082764,-21.655067,-17.175945,-23.963654,-14.430235,-11.848793,-15.203335,-13.646475,-13.50272,-15.551107,-15.760073,-10.262283
-11.394506,-9.529512,-18.052322,-5.816448,-0.475708,-12.101021,-15.8871,-13.730904,-23.286156,-15.041441,-13.076603,-16.513666,-15.40696,-10.989452,-20.795715,-12.634665,-17.162113
-9.897095,-11.390564,-24.60412,-8.699162,-2.023243,-15.010889,-13.910004,-15.363783,-19.74753,-13.198696,-12.1845,-18.39084,-18.216032,-16.319021,-16.45801,-13.659056,-20.771227
-9.723133,-15.68224,-13.51507,-12.856468,-6.096548,-12.6882305,-15.547695,-19.818096,-14.51263,-7.974123,-16.610918,-17.91211,-19.04948,-20.573513,-12.029404,-16.750416,-17.494888
-11.859314,-16.184498,-12.060261,-8.989845,-9.950331,-12.00988,-21.525074,-22.430792,-13.871744,-9.750542,-20.35364,-16.276333,-20.207779,-17.368353,-15.135618,-11.026413,-16.515
-13.398239,-10.136635,-17.384928,-10.956625,-14.698313,-15.997667,-19.128712,-20.98055,-19.17263,-16.442455,-16.414452,-15.030102,-16.22978,-15.93524,-20.46887,-12.538401,-15.778927
-15.207878,-11.310648,-10.125553,-17.74111,-10.809521,-11.196003,-17.269934,-18.974154,-14.986309,-15.862179,-13.291658,-16.31603,-12.64488,-18.676674,-20.005917,-19.627102,-16.040024
-23.186462,-16.088219,-11.298948,-16.825356,-15.270721,-15.015062,-18.758,-25.75884,-20.273666,-16.863287,-21.412354,-20.283466,-17.313826,-15.456213,-15.360544,-20.595573,-19.405754
-19.953688,-14.416718,-13.778332,-17.58637,-12.555357,-14.859814,-22.022425,-17.549503,-19.796127,-19.165285,-14.506344,-14.7132,-19.272717,-19.999916,-19.7998,-19.110033,-18.20646
-21.63279,-13.292587,-17.066372,-18.147133,-16.495798,-16.589468,-27.294865,-15.972065,-20.58346,-17.809467,-6.0843277,-15.1124935,-19.341333,-22.743984,-20.23915,-17.628044,-15.819984
-26.289684,-13.503107,-20.249926,-15.605482,-21.976227,-17.992584,-25.833916,-14.841797,-13.730825,-15.429815,-6.1809387,-16.481554,-15.575232,-14.306538,-17.792149,-16.312809,-11.809681
-22.913853,-11.848019,-11.942474,-12.666624,-24.140512,-15.960634,-22.912832,-15.297674,-9.405033,-14.363632,-10.8503,-20.24063,-10.740086,-10.350235,-11.093138,-14.860363,-12.703037
-15.158211,-6.450432,-10.654758,-13.669485,-19.07859,-15.232536,-20.073503,-14.535816,-10.5019245,-13.854605,-10.858902,-15.890787,-11.551945,-12.286631,-7.9716225,-9.013935,-16.580523
-9.067905,-5.206293,-6.524599,-14.021172,-15.786993,-16.917412,-16.996487,-16.924974,-15.971506,-9.247606,-17.76322,-17.160793,-7.4362926,-6.419218,-4.6908073,-10.643997,-16.047447
-10.173855,-5.7630157,-4.8477554,-18.118313,-12.334221,-14.529171,-16.862072,-17.067945,-15.962282,-9.67598,-16.581568,-14.318359,-5.1662426,-9.938416,-4.734337,-14.289278,-12.908457
-17.618488,-9.731846,-6.035305,-16.113781,-15.674934,-18.38258,-24.03781,-15.956947,-19.576424,-15.70125,-8.9236145,-14.758585,-11.651396,-14.379105,-13.3748665,-15.157787,-11.7337265
-26.895838,-11.2748375,-12.523502,-18.374142,-21.807514,-27.455921,-20.326696,-21.26547,-21.676651,-18.9584,-10.23605,-19.280005,-15.603388,-10.40486,-21.332035,-12.466167,-15.292212
-20.669617,-14.44219,-11.325853,-15.023912,-20.385048,-17.941689,-17.663357,-26.87921,-19.22387,-17.778492,-7.2853794,-15.390369,-19.351437,-8.787155,-14.080757,-6.563801,-21.775187
-18.90231,-11.089777,-14.133289,-16.862194,-16.52996,-14.957443,-17.519987,-26.117626,-21.111916,-11.78833,-10.594461,-12.622257,-22.136723,-9.464357,-10.323963,-10.840172,-18.096321
-20.01757,-10.622536,-19.980904,-16.97635,-12.059664,-19.334862,-21.089752,-24.443851,-17.874365,-13.514284,-17.1598,-18.221865,-13.476177,-10.022444,-10.147921,-13.326923,-13.938414
-15.865618,-15.554901,-10.410042,-14.348499,-10.87982,-13.748802,-25.157532,-21.799482,-15.869934,-21.157692,-17.089699,-13.539326,-16.600506,-5.974819,-12.150856,-5.549015,-15.451614
-16.195919,-12.454809,-5.3794975,-11.011473,-15.790573,-16.109938,-22.445541,-20.164028,-15.9557705,-18.362469,-17.77961,-9.603855,-9.4632,-8.131414,-12.197737,-4.711836,-17.591007
-23.597708,-13.830475,-10.573566,-14.119358,-19.790037,-20.971172,-18.925964,-28.158623,-16.866838,-14.273632,-17.839453,-7.762207,-11.470398,-19.328606,-12.308138,-9.727617,-14.468178
-20.406694,-18.779373,-14.508778,-14.776314,-23.558105,-21.47853,-25.095264,-28.656801,-21.660913,-17.791828,-18.910122,-4.204563,-15.797279,-26.364933,-11.578806,-14.974491,-12.531849
-17.57581,-16.416605,-20.985258,-14.896734,-19.544336,-13.92416,-20.706429,-23.861254,-14.82575,-21.907698,-18.781618,-5.691599,-16.4796,-19.536999,-11.532261,-15.641483,-16.920252
-19.016634,-14.454409,-21.96989,-16.085253,-20.58817,-17.642456,-18.666832,-20.602036,-15.982813,-21.036064,-21.387379,-14.414909,-16.803123,-14.026104,-14.097754,-7.682413,-13.357681
-17.077913,-15.166052,-17.436455,-15.522131,-18.087133,-19.463753,-22.78236,-23.142237,-23.003008,-11.883818,-21.286018,-15.107592,-14.572853,-17.100891,-13.4258995,-5.460266,-11.081472
-15.932735,-11.797623,-9.820972,-11.802546,-18.996948,-16.55222,-20.916723,-27.694115,-26.824814,-13.023964,-20.105436,-12.784838,-7.488739,-16.866756,-8.744099,-13.620831,-14.265593
-13.860527,-6.7105274,-8.935516,-16.445066,-13.035557,-20.852657,-17.792986,-23.163982,-20.984081,-14.407066,-15.458866,-6.478506,-9.448866,-15.814325,-6.519924,-8.774839,-12.136871
-13.397917,-6.9892254,-16.670723,-18.540207,-12.129105,-24.605055,-21.340904,-18.563972,-25.496964,-17.933167,-21.4177,-11.875965,-10.830618,-22.10474,-14.054152,-13.278233,-18.50131
-12.688934,-12.698341,-17.10316,-19.950653,-9.715265,-19.900593,-18.8689,-22.898834,-20.437887,-16.497643,-20.673326,-9.047411,-4.23114,-11.59996,-7.3487606,-15.80934,-14.560226
-13.5348015,-9.052105,-12.975363,-23.737236,-16.871183,-15.022074,-18.047537,-20.485163,-19.754967,-13.284683,-20.287539,-8.309704,-7.62718,-12.768381,-6.933975,-13.376953,-18.535326
-16.827845,-10.747774,-8.666,-19.96922,-23.79844,-18.812763,-22.246365,-21.038553,-14.460979,-12.251318,-15.436834,-10.943066,-10.665804,-12.719421,-10.361328,-14.869095,-16.017506
-22.805729,-13.933002,-9.601559,-20.128561,-22.483334,-21.4108,-18.804697,-22.687233,-11.193134,-13.472923,-20.956264,-8.338123,-16.947603,-15.004471,-11.253344,-9.327484,-13.117054
-17.318027,-19.043736,-16.079466,-19.965536,-26.136131,-22.990337,-19.014448,-23.505018,-11.589767,-20.940536,-22.785397,-14.691311,-17.793154,-18.038101,-15.814127,-8.9628525,-16.906992
-14.869724,-16.486542,-18.611235,-21.01094,-18.158964,-21.753677,-23.208454,-22.687702,-14.379547,-24.372684,-21.220276,-19.273438,-14.530479,-14.044769,-15.997198,-17.141378,-17.343918
-17.011026,-14.845665,-16.99273,-34.477165,-13.40576,-20.049177,-21.84739,-21.000578,-17.42483,-19.38224,-17.324802,-16.120123,-14.792181,-10.117695,-11.352478,-13.695766,-19.624104
-19.77499,-16.50206,-12.471146,-23.572811,-17.084545,-23.987587,-21.337,-21.456854,-16.988773,-14.684523,-14.19729,-9.848984,-19.913118,-13.495157,-11.589127,-14.468929,-21.498095
-15.441917,-14.707096,-16.47026,-22.076015,-19.189192,-24.394363,-28.491987,-19.98396,-24.666513,-16.457348,-22.151754,-12.12257,-20.130844,-18.325272,-14.254435,-18.299137,-19.350576
-12.78755,-18.520031,-21.629862,-23.16087,-18.640062,-18.905762,-22.676615,-21.401854,-21.87347,-16.544983,-18.157875,-10.654633,-25.109898,-14.354763,-18.113934,-19.176865,-21.667522
-14.740902,-21.249584,-20.214273,-20.721708,-19.800997,-15.771143,-26.539577,-22.883,-25.786854,-22.03403,-17.262234,-16.127995,-20.642109,-12.151304,-14.42119,-23.415066,-28.762098
-17.659815,-17.202118,-19.834978,-25.72277,-15.581543,-20.884462,-21.215101,-23.845573,-22.78801,-17.026407,-14.24526,-24.124266,-18.048605,-10.602493,-16.124353,-13.550867,-32.733677
-23.448112,-18.079609,-18.221632,-25.500282,-17.98332,-24.453934,-18.781542,-20.826668,-26.835045,-18.242836,-16.058514,-20.578236,-19.046846,-12.533478,-18.25127,-12.092747,-28.287758
-24.821833,-20.988018,-20.85521,-24.77922,-20.582178,-26.384386,-24.3792,-18.73703,-28.427479,-18.478022,-19.510153,-23.664871,-25.582819,-11.156023,-14.907677,-17.690424,-25.071114
-26.452126,-18.987942,-21.054678,-16.761456,-16.315788,-23.632753,-24.283367,-20.901543,-17.454044,-18.302532,-25.598389,-24.513803,-20.811493,-9.2225,-14.139391,-15.243898,-21.099257
-25.003939,-26.465729,-24.739067,-17.642492,-17.119576,-23.813362,-18.54645,-20.12846,-18.947342,-18.953524,-18.708185,-21.895756,-20.362488,-9.719185,-12.560858,-22.406511,-18.384228
-20.810532,-24.972246,-22.291737,-25.047731,-16.677483,-22.034779,-20.570465,-21.997013,-19.267675,-14.422182,-15.562611,-16.655289,-21.592924,-11.955439,-18.241566,-19.441816,-16.732338
-20.842203,-29.78339,-23.312273,-23.35502,-17.119873,-19.492027,-30.037603,-25.96569,-21.075895,-16.485775,-18.55367,-18.05133,-25.967554,-20.252274,-21.44512,-18.684027,-18.272228
-19.981945,-19.325613,-26.872158,-21.71001,-22.107216,-22.908989,-26.093021,-16.881994,-15.882109,-21.886902,-17.312492,-16.866825,-27.03019,-16.781195,-22.090584,-17.811846,-13.597408
-24.746813,-17.458973,-22.533558,-23.634323,-20.438576,-20.884533,-27.38254,-18.106192,-17.390057,-20.760017,-20.775543,-25.533424,-26.082335,-19.383564,-21.43123,-16.433603,-13.160551
-18.398108,-21.77095,-22.398064,-23.881222,-21.891033,-21.64121,-30.087494,-20.197674,-24.634224,-19.855452,-20.066868,-23.517063,-18.3359,-19.584217,-19.735624,-16.430876,-11.907862
-16.954784,-22.00164,-22.39038,-18.87068,-27.062157,-22.834469,-28.996346,-21.047445,-19.47569,-19.490551,-19.209917,-20.467999,-16.765753,-19.665379,-18.665451,-19.10324,-16.26529
-18.106451,-19.381226,-20.553558,-19.346308,-22.722706,-22.92049,-28.938013,-26.526955,-17.576302,-18.018759,-18.783218,-21.55414,-23.043663,-21.225391,-20.339241,-22.327223,-21.54416
-17.845312,-22.186655,-20.5833,-26.041508,-21.916447,-18.191177,-27.440897,-18.834623,-26.188015,-18.894314,-14.2961445,-19.698164,-25.239773,-19.575333,-20.351418,-19.227448,-19.404902
-21.487152,-23.337988,-18.853474,-30.480165,-20.547474,-22.893347,-27.025562,-19.147264,-27.004501,-21.614899,-14.431759,-26.580742,-17.345013,-21.349167,-17.094305,-19.517256,-24.295486
-24.029076,-22.905628,-30.58033,-33.18179,-21.99601,-18.165192,-29.099037,-21.964659,-30.981245,-20.202967,-16.282639,-27.72771,-18.298409,-16.64156,-17.551762,-17.13277,-27.886688
-23.809347,-19.326977,-21.76267,-26.040504,-24.475855,-17.239285,-25.050003,-27.471302,-32.123363,-20.139057,-16.208027,-23.24911,-16.614628,-18.779987,-24.031132,-15.302326,-33.56225
-25.953472,-18.773449,-13.656782,-23.691006,-20.500246,-19.675022,-25.925556,-26.046673,-28.464539,-18.296947,-18.505066,-19.680998,-19.05306,-20.192322,-18.579556,-18.999386,-27.761198
-28.163467,-16.978071,-16.726252,-22.782124,-18.206432,-16.878082,-29.690086,-21.789387,-34.555138,-16.173094,-21.969028,-17.182177,-22.832436,-21.036087,-20.47559,-15.586924,-26.820173
-28.49479,-20.716934,-16.66623,-27.485065,-24.931055,-17.394712,-28.90644,-20.205513,-24.426662,-17.753994,-15.716494,-18.613108,-16.805433,-22.70047,-22.568886,-17.308884,-29.068989
-23.60911,-21.241127,-20.243889,-27.780645,-22.645584,-23.811325,-27.69366,-25.141876,-22.479446,-22.551586,-17.185534,-20.61815,-24.229858,-22.540617,-25.122114,-22.74031,-24.720387
-20.973984,-21.570587,-19.886154,-26.486706,-24.635424,-29.32135,-27.049446,-36.47138,-21.673252,-17.581877,-21.878458,-16.76448,-27.897915,-19.389599,-22.389952,-18.268265,-23.451937
-20.399696,-27.056044,-18.14631,-29.797398,-24.913599,-22.968939,-26.753296,-23.299585,-20.506853,-21.514545,-28.228285,-13.876362,-27.13316,-17.496046,-19.264156,-19.753468,-21.173645
-22.676344,-22.762678,-24.410568,-29.197718,-23.395027,-25.010185,-26.776403,-19.753819,-21.19153,-18.398615,-25.027893,-18.920801,-22.72906,-20.228893,-23.053913,-19.059278,-18.534569
-28.153046,-18.142452,-17.416624,-28.76569,-20.843628,-27.074259,-29.140318,-19.658613,-29.517775,-23.22947,-20.201231,-18.031145,-14.760239,-24.706932,-21.098112,-18.636332,-20.787273
-24.434546,-19.92366,-15.968086,-23.060171,-14.792786,-20.853199,-29.174694,-30.000412,-24.314117,-22.11485,-16.868286,-16.266506,-13.203524,-19.2464,-23.171623,-24.25176,-24.363424
-21.75431,-21.489649,-14.8637905,-24.680841,-16.683039,-20.084436,-32.646313,-22.621744,-19.336996,-17.405993,-19.825962,-17.727386,-13.706768,-19.10949,-21.723204,-24.058754,-22.347395
-24.292015,-21.228924,-22.358547,-36.40892,-24.075644,-19.881313,-31.723122,-25.400703,-22.729248,-20.539284,-26.55161,-18.243158,-16.070618,-23.7798,-20.849892,-25.86002,-20.277323
-24.243856,-23.351994,-19.363922,-26.951736,-25.049046,-22.192915,-29.72705,-29.510292,-21.844698,-20.510057,-25.763567,-20.916527,-18.707947,-27.466316,-21.312729,-17.550556,-21.017338
-20.281433,-20.578934,-21.446121,-26.44352,-22.868633,-19.724808,-30.5531,-31.476896,-22.85352,-24.200947,-22.048916,-26.86905,-28.847004,-27.928883,-20.616785,-20.50224,-22.72405
-19.462856,-23.498577,-22.255884,-27.447027,-21.693285,-17.606314,-25.604551,-28.776876,-24.011797,-21.077156,-18.958752,-28.178589,-29.777534,-17.626335,-24.356497,-22.941189,-24.666231
-23.17079,-27.508938,-19.075617,-23.953102,-24.998371,-19.385,-29.020247,-25.856434,-24.859526,-21.134933,-18.424757,-25.549667,-20.852684,-13.409525,-26.946815,-26.681784,-32.360504
-27.606163,-23.590755,-19.331501,-19.829464,-26.124546,-22.80735,-28.118387,-27.118408,-27.931885,-18.044046,-20.328575,-25.921373,-20.271091,-14.589563,-22.857357,-22.23479,-27.78653
-23.70245,-21.658142,-24.428358,-17.983469,-23.931816,-25.266571,-22.575644,-28.360256,-30.522047,-18.977514,-20.732706,-27.610748,-22.129623,-19.604082,-24.139948,-22.374657,-22.888367
-25.991148,-24.904705,-23.579971,-20.862228,-27.450106,-26.398855,-24.640926,-23.693342,-28.642538,-15.44002,-26.821554,-28.073956,-23.662128,-17.969187,-27.51684,-19.888973,-21.15653
-30.444704,-21.24986,-22.554886,-25.799683,-28.208614,-29.757704,-29.656652,-21.49945,-26.644308,-20.286354,-23.342382,-25.583286,-19.317291,-18.274294,-29.503872,-22.494236,-20.278566
-20.61186,-26.944626,-22.86838,-25.408514,-26.245342,-22.765877,-25.39109,-19.199846,-28.970499,-18.249836,-24.922949,-26.633,-20.911427,-20.90136,-23.413807,-25.708311,-19.703262
-17.525103,-25.89116,-27.766693,-24.042553,-23.111073,-24.41262,-26.831095,-22.587414,-26.750988,-18.931313,-23.756514,-27.260763,-26.632578,-21.761108,-20.633995,-24.883827,-19.999626
-19.806622,-19.174017,-21.387259,-29.996649,-25.959888,-29.577986,-24.809452,-20.734722,-25.604513,-16.302267,-27.39785,-22.504515,-28.290495,-18.979143,-20.400726,-22.103474,-20.011078
-28.557182,-18.254284,-20.63701,-23.308857,-19.806498,-22.325228,-28.238083,-25.718346,-24.360214,-17.534134,-25.663086,-23.799301,-27.682621,-25.384375,-21.35221,-23.579052,-20.838741
-27.85911,-25.089222,-26.270412,-22.363916,-21.854216,-25.873436,-28.691288,-23.698818,-21.427969,-26.004892,-24.15717,-23.941933,-22.37232,-24.214718,-21.343357,-30.051718,-22.330635
-22.78251,-21.233475,-21.930962,-22.557152,-22.99359,-28.99051,-24.781864,-21.166386,-21.85416,-23.287104,-20.991749,-18.644474,-17.980745,-20.91437,-22.629477,-22.15928,-23.17281
-25.567787,-20.614683,-20.647865,-27.990099,-25.327888,-24.203865,-29.084352,-19.01874,-23.376331,-21.63671,-20.953794,-20.03344,-25.00819,-18.214294,-20.014608,-21.66942,-22.887154
-27.291388,-18.981598,-21.765827,-25.882786,-24.73944,-18.390936,-25.967428,-25.984581,-29.756226,-18.013103,-22.496998,-20.37255,-21.916616,-21.311935,-21.243546,-23.511871,-21.140812
-23.550346,-21.724287,-25.39142,-23.560438,-26.809582,-22.002354,-28.672256,-23.083174,-34.42285,-17.631407,-23.69479,-21.70652,-21.903738,-25.868662,-22.528917,-28.797466,-20.884972
-27.283875,-23.415901,-22.557741,-21.745512,-23.085938,-22.569649,-29.2848,-23.03928,-26.994448,-12.304291,-25.48948,-30.442495,-20.810192,-22.49878,-21.371708,-35.407642,-21.931309
-28.429146,-25.848469,-21.181877,-25.817066,-25.416092,-21.09231,-26.19305,-25.489529,-28.692184,-13.791243,-19.938202,-21.865252,-24.337448,-20.645638,-21.728071,-30.668083,-23.745806
-27.207886,-29.87982,-21.497139,-27.853733,-27.193464,-23.439243,-29.585033,-23.65988,-26.7766,-12.538229,-24.982569,-22.077679,-21.775318,-21.542616,-26.838873,-24.450127,-24.530903
-26.675537,-23.155378,-23.012882,-26.12203,-24.35659,-20.580688,-27.286114,-18.188032,-21.802345,-14.03771,-22.539404,-24.14492,-26.607464,-30.307728,-22.019825,-21.396004,-23.288475
-24.179913,-21.818108,-24.298992,-28.531376,-24.57407,-18.665184,-29.039675,-18.817247,-21.662037,-13.918041,-25.726906,-21.939152,-28.247776,-28.392853,-21.575045,-22.23209,-20.401035
-25.234018,-18.376043,-28.617344,-24.653576,-29.10751,-22.734634,-28.655811,-22.67744,-22.614769,-20.4701,-21.352226,-19.21096,-23.242638,-21.793018,-23.038074,-19.929813,-22.974482
-28.327486,-20.124462,-26.756086,-26.303432,-23.2781,-24.828163,-28.459497,-21.763018,-20.227835,-16.844797,-19.030973,-21.10762,-23.455353,-21.185701,-25.493084,-19.113714,-22.561615
-27.942955,-23.017408,-24.958456,-21.750698,-23.983894,-27.895279,-30.692593,-15.177378,-21.434845,-15.22583,-20.206255,-20.872395,-22.642878,-24.44643,-21.634502,-21.457592,-23.22823
-27.144657,-22.707912,-27.835081,-23.983603,-26.113571,-29.641834,-30.512215,-14.9875145,-23.928104,-18.901249,-21.378551,-25.321304,-20.87642,-22.636826,-24.605604,-20.581194,-20.991875
-23.799252,-23.994474,-22.589113,-31.751085,-26.03431,-26.654427,-30.06477,-19.315971,-17.66145,-18.483297,-22.369883,-22.936169,-25.086304,-23.403183,-20.79852,-20.515553,-24.977753
-24.021969,-28.08479,-20.257668,-30.839376,-32.810787,-28.01051,-31.3696,-22.111311,-20.601234,-19.678024,-18.83985,-23.218033,-28.01265,-23.541943,-22.276855,-24.682186,-28.785688
-31.446148,-28.500507,-25.909573,-26.25138,-25.860287,-22.030853,-32.388115,-25.640804,-18.599052,-17.282677,-25.616371,-25.149544,-23.237892,-28.392136,-24.27417,-20.40758,-30.680868
-33.535435,-25.831459,-22.22033,-27.131401,-22.110228,-24.519604,-28.674065,-18.014158,-28.27745,-20.327904,-23.100182,-28.88896,-21.94846,-28.942657,-21.207062,-21.980839,-33.943233
-27.910015,-20.780542,-21.362953,-26.639597,-23.875544,-32.14901,-31.083529,-17.962557,-21.751583,-26.069408,-21.753101,-24.432634,-20.632812,-24.302006,-24.899181,-27.82455,-35.388374
-27.639866,-23.339447,-22.36652,-27.835608,-24.659283,-23.153637,-27.46185,-17.844875,-14.625231,-26.025093,-27.291603,-20.991241,-21.368847,-28.938122,-24.451115,-25.862606,-33.92362
-30.370182,-25.468422,-21.156576,-24.89915,-24.668842,-21.212877,-28.62232,-19.124788,-12.8358345,-24.478567,-22.002516,-22.65701,-20.266312,-28.32939,-23.334589,-27.264343,-34.336124
-23.035837,-23.608488,-26.95501,-23.959753,-25.205212,-27.059696,-28.862076,-25.911118,-15.649466,-20.958391,-21.42844,-21.056332,-23.66154,-25.899586,-22.903511,-24.767921,-22.218689
-24.582907,-26.091358,-23.228779,-24.42861,-27.147692,-28.152866,-29.832878,-23.444387,-22.68679,-22.299824,-25.355066,-19.728252,-24.173527,-27.946402,-27.860945,-27.501461,-20.504486
-30.855417,-24.107325,-19.494694,-23.664394,-25.899559,-24.690435,-34.14868,-24.166178,-19.975136,-23.857988,-24.247915,-22.711617,-20.136894,-21.677965,-28.652351,-23.061256,-26.257214
-23.208824,-24.446255,-26.279366,-26.794373,-25.437683,-27.301163,-28.86193,-31.859686,-20.29231,-27.290169,-24.04808,-21.856178,-24.025537,-21.251371,-25.069515,-19.948826,-27.894583
-19.938515,-29.91628,-32.782722,-27.354708,-25.754292,-27.884956,-31.910688,-25.927479,-18.386726,-22.53183,-26.27003,-23.804947,-20.864113,-21.379517,-22.07164,-27.923645,-23.710552
-25.292385,-25.551737,-33.968983,-29.192993,-29.037308,-27.855455,-29.506237,-17.780594,-23.452822,-25.010208,-24.180809,-22.725006,-20.649437,-25.232574,-23.568317,-29.42652,-23.73085
-38.081745,-26.872334,-31.091785,-26.057987,-25.400982,-25.094679,-29.834232,-18.646757,-23.521032,-22.247814,-28.00228,-20.584469,-22.921661,-25.39779,-24.493015,-22.672361,-27.271648
-41.94514,-26.966423,-24.607426,-25.207832,-26.699368,-29.638823,-33.00749,-25.500685,-21.894615,-22.663288,-28.10688,-27.287779,-25.484121,-26.874819,-20.564075,-20.64977,-33.91954
-32.020493,-27.925142,-24.261398,-28.620686,-24.334806,-30.169773,-35.908913,-24.773758,-23.685015,-22.534052,-27.260899,-29.566185,-24.061666,-27.799597,-20.768366,-23.967903,-28.653456
-33.392715,-22.255497,-24.449532,-26.14775,-26.18935,-28.589294,-32.102985,-26.819777,-28.427343,-24.422977,-27.552309,-28.800014,-26.11723,-22.34224,-21.627195,-26.347569,-27.816086
-29.85048,-26.805225,-24.385153,-29.176157,-30.817204,-22.996407,-33.76789,-27.440563,-31.689848,-32.06872,-23.906658,-24.381805,-26.697758,-20.99187,-23.93475,-23.691755,-32.56465
-28.316208,-28.883385,-28.913555,-28.9049,-33.389164,-22.751316,-34.545486,-25.454288,-30.875555,-26.494709,-23.080889,-19.188612,-29.498602,-20.709824,-22.155647,-19.33991,-26.892277
-26.459316,-26.46288,-24.661936,-28.048166,-30.417358,-24.808743,-32.99654,-25.744999,-30.152153,-24.471342,-27.179718,-20.076483,-29.676521,-29.416332,-22.543835,-23.685795,-27.138859
-28.075628,-25.675472,-22.640095,-30.292156,-29.634884,-29.097214,-40.33942,-30.686815,-32.6092,-25.446724,-25.98976,-26.354855,-23.75049,-29.230864,-22.763578,-29.041538,-32.340195
-25.94737,-21.225277,-22.732662,-27.373821,-25.124607,-29.176968,-34.864594,-24.492912,-28.556473,-28.699308,-22.595055,-23.945457,-22.772728,-24.7144,-24.522131,-23.29992,-30.30526
-26.735332,-25.413353,-30.415976,-24.742168,-24.947184,-31.556862,-31.599167,-24.870028,-23.897793,-24.162966,-25.864918,-26.30556,-23.71576,-24.775467,-27.230701,-29.977203,-25.041473
-30.259758,-28.998196,-28.785162,-27.724781,-26.33731,-30.141537,-32.048065,-24.35196,-28.080498,-24.69184,-29.689423,-27.165462,-26.795273,-26.245377,-26.044563,-29.481941,-23.340176
-28.44533,-28.669338,-28.439259,-31.564518,-22.823397,-23.318531,-32.91388,-19.679451,-24.318724,-24.174852,-28.482231,-25.437267,-26.614697,-26.20038,-25.38416,-26.078539,-23.783855
-29.647118,-28.76062,-24.236805,-32.068256,-22.943607,-24.381296,-34.672512,-20.343067,-19.650806,-21.698093,-25.836893,-22.383072,-25.01589,-24.870092,-32.700394,-26.458523,-29.876663
-33.350155,-26.294966,-26.49091,-26.754921,-28.037533,-26.338104,-29.732817,-19.699678,-24.29705,-23.020966,-27.132277,-26.88333,-30.550781,-26.13822,-27.322182,-27.489437,-30.605495
-32.872524,-28.887842,-27.311943,-28.21407,-26.828884,-29.739307,-30.425163,-15.390541,-30.10284,-21.215027,-27.651293,-29.268238,-27.98928,-26.319925,-27.062958,-27.06934,-29.588114
-34.331806,-30.598732,-27.027012,-27.46852,-28.169384,-26.168638,-27.487705,-15.225607,-24.536901,-18.695099,-27.116539,-26.169392,-23.24461,-28.220306,-30.4827,-26.432337,-29.614714
-30.035242,-27.090614,-24.331795,-28.540878,-27.483154,-25.545168,-30.97447,-21.613865,-22.57745,-24.203573,-26.999798,-26.349648,-24.324188,-30.292519,-32.5291,-27.133158,-30.226028
-33.890186,-21.77464,-26.560497,-28.443933,-25.233423,-26.102257,-31.824297,-23.39748,-26.411377,-26.335873,-22.797165,-26.657024,-24.363228,-26.347672,-29.121399,-27.96598,-29.783102
-32.768124,-27.492512,-28.468128,-28.460587,-25.557047,-26.599165,-31.766006,-24.592506,-22.685238,-27.052692,-21.178204,-34.047,-26.411198,-25.036621,-29.920742,-26.818378,-27.13696
-37.966606,-23.902502,-25.272938,-28.95314,-29.046568,-30.01585,-31.046284,-26.1688,-16.288513,-25.39407,-23.401295,-26.294289,-23.257515,-23.92693,-26.624956,-28.939573,-26.5314
-28.407398,-31.291046,-31.495892,-27.86816,-30.122313,-32.52578,-28.902931,-23.661697,-18.06887,-21.929358,-25.679813,-23.8448,-24.450558,-23.957859,-24.49384,-28.41472,-28.558105
-26.628252,-25.456036,-31.458996,-28.027365,-25.681204,-29.456694,-31.554617,-23.080032,-17.096132,-22.589258,-23.813122,-26.8699,-30.185497,-28.865316,-25.476852,-27.981056,-31.262436
-29.190536,-27.758698,-24.806963,-31.721355,-23.355766,-29.079836,-30.932331,-27.758041,-19.059484,-20.911644,-21.694504,-24.876167,-31.39682,-33.021675,-24.056435,-27.128101,-28.895628
-30.49982,-28.610537,-27.562832,-33.110657,-22.08337,-29.92644,-33.28853,-23.11568,-18.564083,-23.9832,-19.195122,-24.521986,-26.72932,-29.351776,-24.061312,-27.598576,-28.030785
-28.819733,-29.752558,-24.927689,-34.65891,-21.476025,-33.230156,-34.660988,-23.209093,-15.977701,-21.81831,-27.000153,-28.928562,-26.487331,-26.953289,-28.93869,-27.40284,-26.029343
-28.753862,-29.253317,-31.15469,-31.88269,-22.16851,-31.808355,-35.70348,-30.4557,-20.608017,-17.830793,-28.624481,-26.41428,-27.59296,-27.374985,-29.044594,-24.139364,-28.208897
-29.76701,-28.267654,-30.416172,-26.848139,-21.554626,-29.73254,-32.236107,-27.68418,-23.696793,-19.003498,-26.708393,-29.139465,-24.811878,-31.704765,-27.369904,-28.818829,-27.67008
-30.387001,-26.027597,-27.413687,-27.377632,-21.42901,-26.657673,-32.398685,-24.485168,-21.94698,-20.400593,-27.654367,-27.196308,-24.953526,-27.86986,-32.43537,-29.231937,-27.805145
-28.76926,-26.700668,-30.132818,-28.894407,-32.026314,-32.078915,-31.39372,-23.385923,-26.092533,-25.743126,-28.527653,-29.060444,-29.069138,-25.703114,-26.581818,-26.425674,-28.75397
-30.482159,-25.843653,-33.830563,-30.74104,-32.016308,-28.074673,-33.744236,-18.80555,-27.016645,-25.258614,-28.50526,-28.130901,-33.21957,-23.78243,-24.748241,-25.808235,-26.360615
-27.854523,-26.326527,-31.046633,-30.360035,-32.11756,-27.251394,-33.03197,-21.374529,-28.074984,-27.500916,-27.315,-26.0344,-31.359856,-27.359009,-29.183125,-28.599363,-28.359446
-31.90887,-28.857761,-29.214417,-32.582787,-29.97314,-28.566154,-33.32591,-24.785019,-25.714035,-21.252872,-21.113913,-30.464626,-29.357456,-24.71471,-31.896795,-27.903582,-32.649994
-34.068836,-32.62863,-26.257214,-34.386852,-23.549274,-33.039974,-33.18685,-19.044897,-22.364897,-25.821623,-23.896542,-26.362755,-26.819891,-27.119007,-27.903637,-28.676973,-28.402966
-29.08313,-33.729492,-27.58598,-32.81619,-26.880898,-30.211578,-34.848137,-10.232967,-21.115467,-20.77814,-25.719948,-29.481096,-25.357565,-28.441452,-27.13822,-28.766619,-25.704042
-28.805677,-29.602846,-26.424278,-32.885372,-27.218683,-30.1376,-34.8738,-4.6223965,-25.536095,-20.524456,-24.580315,-27.13427,-23.760727,-27.612667,-28.482996,-26.442867,-32.839943
-32.654045,-30.415657,-27.351301,-31.732983,-30.623003,-25.911116,-34.628952,-9.231396,-24.206062,-23.682913,-24.658308,-25.66193,-24.782574,-27.162956,-27.303934,-25.783897,-35.411507
-30.280527,-27.252934,-30.646315,-28.22102,-31.312523,-27.937922,-38.218285,-16.910973,-20.62738,-22.960455,-22.475504,-30.325296,-30.15556,-27.673016,-25.85947,-24.991068,-35.60901
-35.145084,-28.326889,-27.84793,-33.379074,-27.56667,-23.49707,-42.240765,-21.303576,-23.277185,-25.74695,-24.399096,-31.797962,-28.085918,-32.16336,-30.245434,-25.910526,-34.098457
-35.58167,-30.138002,-25.481543,-33.29634,-28.21922,-26.729012,-42.440037,-26.115559,-21.091372,-21.702862,-23.236961,-29.614666,-30.44283,-32.035355,-28.488363,-24.867756,-33.07173
-32.361362,-31.479502,-28.894604,-33.196712,-28.391445,-30.816748,-39.16669,-22.475004,-21.248129,-22.506124,-22.802471,-27.767767,-33.110764,-25.140442,-29.890556,-27.695555,-32.01109
-33.357826,-28.033005,-30.837502,-34.633335,-29.82741,-34.59818,-37.5886,-24.74836,-18.484844,-24.451214,-27.44983,-28.436905,-28.716263,-26.763535,-30.463144,-30.29636,-31.290417
-30.063728,-27.47661,-28.488483,-35.860443,-29.753403,-29.911572,-32.529194,-27.382874,-27.124409,-27.96275,-27.820435,-30.139397,-31.844513,-31.901443,-30.62061,-29.464802,-27.485413
-30.756596,-29.104706,-29.627144,-34.1247,-30.607975,-29.653717,-33.308266,-27.009716,-22.522537,-28.501894,-25.543266,-27.882805,-30.852102,-28.652702,-25.278828,-26.924496,-29.106958
-36.661015,-33.893215,-30.263935,-31.52359,-29.380749,-31.130001,-35.59501,-25.354662,-23.965668,-26.086857,-28.395987,-26.13282,-30.783112,-27.923302,-28.652388,-30.233225,-30.135586
-37.43387,-32.52982,-31.078201,-28.820187,-31.050522,-28.596443,-33.524384,-26.706612,-24.45131,-26.082893,-29.061846,-28.974932,-33.57068,-28.014385,-26.861263,-29.906649,-31.965715
-38.452904,-28.391117,-30.365417,-30.665401,-33.74547,-29.378056,-30.923115,-26.32747,-27.931484,-23.346941,-28.172886,-31.145828,-29.486233,-29.459766,-31.332886,-30.351973,-33.564503
-31.243073,-28.10213,-27.10328,-36.572826,-31.034943,-27.09415,-32.222908,-25.636703,-21.345545,-29.083048,-29.109991,-27.454853,-28.337301,-27.08805,-32.442245,-27.07132,-31.07901
-30.69429,-30.400223,-32.648693,-38.551544,-29.6239,-28.509432,-34.764824,-26.094294,-18.883627,-27.557419,-25.238007,-28.222322,-32.107098,-29.765884,-29.24859,-30.487328,-29.55884
-33.561817,-32.713497,-34.633003,-36.13419,-31.15339,-29.774387,-34.58842,-25.633133,-19.899971,-29.590736,-22.230677,-31.376637,-32.1083,-24.5548,-33.065914,-29.363537,-31.488022
-35.46654,-29.894667,-30.8536,-30.681896,-33.481068,-31.396812,-34.80323,-29.24723,-16.461805,-21.123158,-24.897717,-31.368628,-33.26274,-26.767,-29.932125,-30.574284,-31.786552
-36.238663,-28.247585,-29.94626,-33.6138,-29.24184,-36.49447,-37.3705,-24.809052,-19.23549,-25.226624,-26.363056,-32.218243,-30.089687,-26.621922,-31.631683,-30.383282,-33.087067
-29.164165,-31.341816,-31.684061,-35.586945,-30.942913,-37.32183,-37.96699,-23.826542,-23.253296,-25.161259,-25.753101,-27.747093,-29.359636,-29.734701,-32.875267,-32.82022,-37.666225
-27.657475,-33.3062,-29.943697,-33.963192,-28.976547,-31.194712,-40.311684,-27.596905,-20.757957,-20.873558,-26.398191,-25.894703,-30.945887,-31.392757,-31.002573,-31.707872,-37.26344
-32.096645,-31.757853,-32.593315,-35.921825,-28.24445,-29.229172,-40.730766,-25.81575,-16.766731,-25.526188,-32.74141,-29.312674,-32.250656,-31.602741,-29.334948,-32.93399,-39.006256
-35.607613,-31.246006,-35.888718,-34.36913,-26.29944,-32.127586,-36.66345,-27.201595,-14.571539,-23.739275,-31.145874,-32.28867,-31.09056,-30.11185,-27.57643,-31.00974,-35.717297
-38.25471,-33.456554,-32.955338,-34.96397,-31.366503,-31.86637,-39.476204,-26.429941,-15.280455,-21.169827,-25.757887,-29.732756,-29.939926,-30.464695,-28.992651,-30.48576,-36.670223
-31.604195,-31.30972,-28.746418,-31.008085,-31.74126,-31.158787,-39.75649,-26.975292,-17.323305,-22.966919,-27.93906,-29.706207,-31.614334,-28.453394,-33.531395,-28.3225,-33.21309
-29.461758,-30.428999,-30.743937,-31.60857,-28.203732,-33.105488,-36.21565,-28.858826,-20.161663,-23.485294,-29.146263,-30.404198,-29.162724,-30.344374,-33.28402,-35.136253,-32.157566
-34.197746,-30.748615,-28.133081,-31.586277,-31.8669,-39.43175,-37.68885,-31.898506,-23.897438,-29.399887,-28.430576,-32.85941,-31.650995,-29.431757,-29.98028,-33.51595,-35.773323
-37.356033,-32.432373,-30.140875,-31.914656,-32.17964,-36.09053,-40.814125,-31.47285,-20.969463,-27.46456,-24.989525,-29.528376,-32.08744,-32.03924,-29.265781,-29.729986,-35.04355
-37.802425,-33.127426,-30.917713,-33.057465,-33.57695,-36.278683,-40.780216,-38.076363,-23.658901,-25.550043,-27.109314,-28.78513,-31.664612,-35.00128,-31.507717,-30.36092,-35.589626
-33.19625,-34.949528,-31.377287,-36.42879,-34.004284,-33.69993,-39.020664,-27.537966,-26.262913,-29.993654,-29.374636,-32.653046,-27.463612,-35.542446,-32.392254,-27.997995,-35.923553
-35.739346,-33.26508,-33.76001,-38.994164,-31.72371,-33.03901,-38.57544,-26.463839,-25.074654,-27.96482,-27.712551,-31.722195,-30.725723,-33.09082,-30.894878,-31.575005,-28.536451
-36.13536,-32.999958,-29.046572,-31.90899,-27.112995,-31.971533,-42.297607,-30.326603,-21.170744,-25.390999,-27.511078,-31.372366,-30.068165,-34.360683,-30.723543,-31.740213,-29.90306
-36.07366,-32.429886,-32.17912,-36.958534,-25.179758,-31.542522,-38.547134,-27.19386,-21.90332,-27.81858,-31.322668,-32.86391,-33.80112,-34.40766,-27.856266,-33.5343,-31.541548
-33.184822,-34.64838,-33.308926,-37.209705,-28.194695,-35.912834,-38.719616,-26.225672,-18.48007,-28.431198,-24.843521,-32.24374,-35.189613,-34.929306,-29.623165,-34.05974,-31.326263
-32.3327,-32.2402,-32.897324,-38.499073,-30.509487,-36.62004,-38.402714,-27.733656,-25.346523,-31.975834,-26.024464,-30.54494,-31.546824,-32.662533,-30.668056,-30.525978,-33.755665
-33.221447,-30.165066,-34.412018,-35.573418,-33.559868,-31.858444,-35.55358,-31.177517,-24.833729,-28.044764,-32.7045,-30.613459,-30.536713,-32.74493,-31.541323,-30.328857,-34.105633
-34.016014,-33.882797,-33.158768,-35.59316,-31.860973,-33.474365,-38.450394,-29.741096,-25.99865,-30.477406,-27.832716,-30.771372,-31.204817,-32.770752,-29.142635,-30.7169,-31.502632
-32.75747,-35.168526,-33.33982,-35.10467,-32.201252,-36.352116,-36.674942,-36.49464,-24.667372,-27.984644,-26.860909,-31.276875,-31.333633,-32.01741,-32.595127,-30.308233,-35.744663
-33.25782,-32.727932,-30.818861,-35.558155,-31.112816,-35.567486,-35.08467,-34.164185,-24.670593,-29.564064,-31.017479,-29.847126,-31.497465,-31.111427,-31.332067,-30.357618,-38.22709
-34.600582,-33.512066,-31.6144,-33.892277,-30.589314,-32.818707,-35.394756,-35.525665,-24.076385,-28.342407,-29.522682,-30.656124,-30.93937,-30.617596,-32.220905,-31.920507,-36.59175
-31.412945,-30.767015,-32.885315,-36.657806,-30.513657,-34.77774,-35.8885,-35.148327,-24.987906,-27.384947,-29.27991,-32.7859,-35.91014,-32.70645,-34.653294,-30.229696,-31.353802
-35.545967,-29.448849,-31.15492,-34.320427,-33.824112,-35.160973,-37.117355,-30.31713,-26.122768,-29.792377,-31.435993,-37.3011,-29.451977,-30.495127,-32.36737,-32.07199,-33.356644
-32.104053,-32.098286,-30.619879,-34.438522,-35.258064,-37.58941,-35.661205,-33.985783,-23.541752,-26.66264,-32.094482,-34.794388,-30.927435,-33.32291,-32.136772,-33.25576,-34.939762
-34.01175,-34.33099,-34.665653,-35.609512,-32.625313,-31.695536,-39.514034,-31.178957,-20.596262,-28.976156,-26.79057,-30.312363,-32.013298,-33.280365,-36.196815,-37.653698,-38.195915
-36.40029,-35.8792,-34.668884,-34.281654,-32.28659,-33.76917,-41.11214,-31.360199,-24.624506,-30.950012,-29.717537,-30.156982,-32.54812,-29.412552,-34.082348,-31.27686,-33.060165
-40.46543,-33.13418,-34.66345,-39.220203,-32.92493,-32.833557,-40.957157,-29.936241,-23.971554,-28.258244,-29.88435,-35.970535,-32.59886,-32.57355,-29.411085,-31.37005,-31.01764
-37.07592,-33.73793,-34.01207,-36.470654,-32.710976,-33.404217,-40.431953,-30.7516,-26.637592,-28.567608,-28.748413,-32.34926,-32.507927,-32.080467,-35.38364,-31.999954,-33.041317
-36.697197,-36.551888,-35.790005,-35.992825,-31.991686,-37.501003,-42.018158,-33.364418,-23.803852,-31.469479,-29.434927,-36.95536,-30.596088,-31.271767,-33.538498,-32.347664,-39.33363
-37.080273,-35.11901,-31.750612,-39.211678,-34.25361,-36.34135,-41.774734,-31.42318,-26.17796,-31.796677,-31.186453,-36.20377,-31.360088,-30.574135,-32.714413,-32.245358,-39.02877
-34.75929,-35.737804,-33.32894,-33.944225,-33.58602,-37.545246,-40.00661,-33.03639,-26.325888,-28.641474,-30.612036,-34.945946,-31.18909,-33.062046,-32.505314,-35.906506,-35.155655
-33.14188,-33.194695,-33.687103,-38.17906,-32.617973,-36.379578,-41.67829,-32.362934,-26.603924,-28.784172,-31.48125,-36.155243,-34.71665,-29.783068,-34.480446,-36.403576,-36.01506
-39.373795,-33.52881,-30.989252,-35.42219,-33.05188,-32.52336,-44.07745,-31.952343,-27.31834,-29.04372,-29.29271,-34.334213,-31.430395,-35.6018,-35.957333,-31.587608,-37.967422
-39.64049,-36.36698,-34.366795,-34.70645,-33.468937,-36.05648,-39.92251,-31.032099,-26.770847,-29.837784,-27.959764,-34.117855,-33.261322,-30.920994,-33.93196,-32.778397,-37.106987
-36.41157,-36.046604,-34.013878,-38.50882,-36.18037,-37.147224,-40.94835,-29.574097,-28.640392,-28.500595,-30.910923,-33.670853,-30.512238,-30.059464,-32.7359,-31.511242,-40.43243
-35.505524,-33.732254,-33.601776,-35.470646,-35.091595,-37.679623,-38.159714,-34.377342,-26.666767,-29.04094,-27.000422,-33.00421,-33.485283,-33.105705,-32.339222,-34.20252,-34.714382
-37.78289,-32.7806,-34.633423,-37.363987,-31.212004,-35.811195,-38.69075,-34.535614,-28.402641,-29.354002,-29.271267,-32.806686,-34.477848,-36.807842,-32.370735,-31.87129,-36.734108
-35.199394,-35.380775,-34.711704,-36.646183,-31.81675,-37.27927,-38.181664,-35.294365,-27.287676,-29.46993,-31.95539,-33.031067,-33.895363,-34.14615,-33.881138,-34.59843,-39.91694
-33.07683,-32.142178,-36.21359,-36.288254,-33.140602,-36.519814,-39.53841,-33.984215,-29.738018,-28.517902,-31.035183,-33.313072,-36.05832,-32.436012,-33.050095,-32.67203,-39.916656
-37.286713,-32.91441,-37.69693,-36.841915,-32.555817,-35.377064,-41.54021,-36.84635,-28.074911,-27.865162,-31.042114,-30.278692,-36.08886,-34.373642,-33.898148,-36.494377,-39.31985
-38.07036,-34.217438,-35.644764,-35.834583,-30.915014,-37.383114,-42.76067,-31.131756,-29.664284,-28.93425,-31.922935,-33.615925,-34.437702,-34.04301,-34.873707,-34.678062,-41.747635
-37.11306,-35.146057,-36.396805,-35.334385,-36.295864,-37.994713,-40.70449,-34.805134,-27.302713,-33.071747,-30.212408,-34.218487,-32.62205,-36.285816,-34.062656,-34.36957,-41.427753
-40.048344,-35.29817,-33.839367,-38.305527,-35.54754,-35.933044,-41.23078,-38.414833,-27.944273,-31.52452,-33.735767,-35.498276,-35.968445,-36.960125,-36.000317,-35.129128,-40.1051
-36.38956,-34.370014,-35.712154,-40.510532,-33.627487,-36.485508,-39.86702,-32.489147,-29.671398,-30.756762,-31.50154,-36.13471,-36.84013,-36.31507,-32.213757,-34.146454,-35.030266
-37.84642,-36.25938,-37.11768,-37.280296,-34.25345,-35.82886,-40.24412,-34.46153,-29.328762,-31.929943,-32.885975,-37.1344,-34.664387,-32.66569,-33.029835,-36.76261,-37.666496
-36.88797,-38.215797,-35.511955,-35.286354,-35.23293,-35.156845,-42.016766,-32.9351,-27.308735,-30.984282,-32.487602,-36.144398,-33.53597,-32.639824,-34.153507,-35.015045,-33.41087
-36.678875,-35.29524,-35.403454,-36.417763,-35.999115,-33.70269,-44.553097,-32.261536,-29.637566,-32.597313,-31.90239,-33.34958,-34.810318,-36.110435,-33.211433,-34.659653,-32.65371
-37.13488,-34.79864,-32.753555,-39.29135,-32.58757,-38.445473,-39.99773,-34.62012,-27.390974,-31.225538,-31.22474,-32.09004,-38.373177,-35.940945,-36.387924,-33.729862,-37.23558
-32.452255,-37.253517,-33.734875,-37.955227,-32.463753,-37.84277,-41.784092,-33.89078,-27.363747,-30.16417,-31.776054,-35.95894,-35.553986,-35.24371,-33.79379,-36.74676,-40.768707
-33.558926,-35.723347,-36.217773,-36.92984,-35.307728,-37.61356,-38.05959,-31.081276,-29.428722,-32.420277,-35.44627,-35.430687,-33.994537,-35.89888,-36.955402,-36.41218,-39.704655
-38.0656,-37.027794,-39.71713,-38.422253,-38.35,-37.65667,-39.743626,-31.771545,-30.096998,-33.593357,-31.865318,-35.977432,-34.35365,-34.895885,-36.051018,-34.86725,-35.891605
-41.35028,-35.406673,-35.77479,-40.638775,-38.078136,-39.700684,-41.020473,-32.11358,-30.555058,-29.908756,-32.83655,-38.271374,-35.133533,-37.242863,-36.038757,-33.392212,-35.138172
-36.941452,-36.277573,-35.349163,-38.022007,-37.310966,-38.86856,-42.928,-30.244171,-30.327782,-28.760592,-33.728733,-36.8425,-35.755646,-35.64619,-35.86887,-33.732525,-36.88372
-36.8639,-39.005306,-34.591103,-38.009827,-38.46412,-39.169373,-45.100883,-30.29442,-31.377773,-31.944595,-31.51822,-36.683407,-35.910927,-36.558426,-38.967476,-35.359577,-38.980797
-40.715298,-37.173645,-33.663593,-40.11984,-37.157608,-40.544968,-42.766106,-31.868155,-32.312073,-31.323093,-30.958282,-36.327705,-36.804413,-36.90242,-36.574425,-35.34424,-39.541534
-37.891228,-37.09285,-35.133865,-40.274902,-39.49558,-39.32259,-40.578865,-34.590908,-28.76139,-31.991182,-31.79093,-33.086117,-37.468006,-35.80033,-37.2419,-35.87722,-41.25185
-41.101246,-36.480373,-34.75084,-36.592922,-38.63333,-36.72343,-41.466896,-34.266975,-31.599205,-31.402493,-32.28133,-32.01232,-37.529705,-36.388874,-37.76606,-38.198048,-37.841034
-38.856857,-36.214653,-38.02059,-38.05774,-36.02625,-38.64495,-41.103592,-33.54294,-30.992476,-32.195446,-33.153732,-38.228645,-37.026924,-35.330017,-37.201958,-36.6405,-36.666706
-37.152794,-35.498825,-37.83557,-40.9754,-36.00036,-36.740967,-44.83129,-32.728355,-31.177807,-32.31906,-32.8541,-39.37956,-37.093987,-34.90157,-34.99311,-35.383553,-34.17748
-36.656708,-36.91743,-37.946903,-40.31071,-35.937862,-37.935745,-44.30284,-32.419277,-30.915339,-29.133455,-31.741653,-39.643543,-36.627007,-37.209045,-34.709206,-36.39525,-40.237175
-41.979168,-37.20751,-39.29996,-40.47621,-33.741375,-37.555267,-46.204636,-35.22701,-30.41014,-29.54667,-32.396126,-36.249252,-36.113457,-35.521065,-32.021664,-35.380463,-41.88528
-40.581463,-35.894096,-39.054165,-38.775105,-33.79425,-37.489323,-43.98008,-33.99685,-30.45111,-30.78292,-33.594913,-34.085094,-35.58763,-35.144695,-36.840065,-38.152836,-45.91445
-42.54226,-36.951035,-36.420135,-40.091408,-36.965206,-39.237778,-45.42733,-35.888905,-30.283615,-33.48456,-34.312508,-34.660732,-36.675777,-37.070538,-37.703907,-37.219963,-38.818188
-39.323563,-40.488922,-38.851707,-39.566273,-37.397766,-39.35104,-42.72087,-32.03727,-31.480152,-33.710667,-33.36757,-35.108624,-36.49308,-35.96124,-38.269947,-35.66281,-40.02402
-38.4264,-38.588516,-38.194633,-38.483147,-38.31007,-37.222076,-44.549927,-32.335995,-30.460049,-33.776188,-33.736042,-37.731564,-36.05277,-36.383114,-39.044735,-37.32388,-38.847046
-40.775703,-37.752174,-38.747486,-39.91,-37.607193,-38.192455,-42.52264,-35.585777,-31.72408,-32.998108,-32.35933,-36.40921,-37.020744,-38.627575,-37.006786,-36.681183,-42.165634
-36.90384,-36.741344,-38.017883,-42.28682,-35.898808,-39.499676,-44.77484,-38.307285,-30.724081,-33.124535,-33.04057,-37.575836,-38.01017,-38.429165,-37.955837,-37.592644,-36.252937
-40.187084,-37.973766,-36.698265,-41.763016,-34.909092,-37.486343,-44.72226,-34.23066,-28.467909,-35.576344,-34.17903,-39.370323,-37.421116,-37.51489,-38.075584,-38.189205,-37.083164
-39.537674,-38.515114,-37.136543,-38.57604,-37.492577,-36.04816,-45.77894,-34.777287,-29.548635,-33.836147,-34.960617,-40.36971,-35.95603,-36.130863,-36.492012,-37.21223,-37.55904
-39.541138,-38.354134,-38.60702,-41.725067,-38.32552,-38.719784,-44.178608,-33.66752,-29.196556,-33.195778,-35.242805,-37.282124,-37.32345,-34.794098,-37.816227,-34.845676,-41.10631
-41.964447,-41.148083,-34.75759,-41.538033,-38.216885,-38.60116,-44.418888,-28.185776,-30.55883,-31.442184,-33.739735,-37.71843,-38.029163,-38.16269,-38.056576,-36.87163,-41.338833
-42.386116,-38.68656,-36.318954,-39.902416,-37.175648,-37.166573,-43.870155,-17.730288,-31.989384,-34.407227,-35.328003,-37.655537,-37.29904,-40.58638,-38.43441,-39.034286,-38.837173
-42.76348,-37.863277,-43.370716,-42.34846,-38.34756,-39.941063,-46.118073,-26.755829,-31.965023,-35.445545,-36.97664,-37.93158,-37.012062,-36.9788,-36.154114,-38.212227,-40.23201
-43.555656,-40.31755,-40.260563,-42.575333,-38.20308,-40.981476,-47.121597,-36.17925,-33.8244,-37.67078,-38.181004,-39.30787,-37.812485,-38.694244,-36.626762,-37.478905,-43.41086
-38.62772,-41.457783,-40.333572,-40.98017,-40.993393,-40.350334,-50.178158,-36.117847,-33.725056,-34.245975,-38.565388,-40.29246,-39.032993,-41.68534,-39.657852,-36.332058,-41.867012
-40.142303,-43.210236,-42.53735,-44.74865,-43.201515,-43.247906,-52.71954,-40.449364,-36.426308,-37.20746,-41.20633,-39.47869,-41.86031,-41.416626,-38.105774,-41.428684,-44.207718
-49.36609,-45.906227,-46.477882,-53.09642,-45.77582,-48.391716,-56.276688,-46.62699,-42.46662,-45.962597,-47.00318,-46.500046,-46.47922,-44.673157,-46.172005,-47.260063,-49.785934
-57.796486,-57.976135,-59.21572,-63.711853,-56.77766,-58.031277,-71.07413,-52.613968,-53.426067,-55.398323,-56.4422,-62.002235,-57.607296,-60.256542,-59.043453,-59.74607,-55.953465
-71.818665,-77.042984,-76.129425,-78.48187,-80.0,-75.12486,-80.0,-74.177704,-73.18947,-76.29619,-80.0,-78.827934,-79.105194,-78.84578,-79.46256,-80.0,-57.73655
